<?xml version='1.0' encoding='UTF-8'?> 
<office:document-content xmlns:number="urn:oasis:names:tc:opendocument:xmlns:datastyle:1.0" xmlns:dr3d="urn:oasis:names:tc:opendocument:xmlns:dr3d:1.0" xmlns:oooc="http://openoffice.org/2004/calc" xmlns:script="urn:oasis:names:tc:opendocument:xmlns:script:1.0" xmlns:math="http://www.w3.org/1998/Math/MathML" xmlns:dom="http://www.w3.org/2001/xml-events" xmlns:xsi="http://www.w3.org/2001/XMLSchema-instance" xmlns:svg="urn:oasis:names:tc:opendocument:xmlns:svg-compatible:1.0" xmlns:ooo="http://openoffice.org/2004/office" xmlns:text="urn:oasis:names:tc:opendocument:xmlns:text:1.0" xmlns:table="urn:oasis:names:tc:opendocument:xmlns:table:1.0" xmlns:meta="urn:oasis:names:tc:opendocument:xmlns:meta:1.0" xmlns:xforms="http://www.w3.org/2002/xforms" xmlns:field="urn:openoffice:names:experimental:ooxml-odf-interop:xmlns:field:1.0" xmlns:form="urn:oasis:names:tc:opendocument:xmlns:form:1.0" xmlns:draw="urn:oasis:names:tc:opendocument:xmlns:drawing:1.0" office:version="1.1" xmlns:office="urn:oasis:names:tc:opendocument:xmlns:office:1.0" xmlns:fo="urn:oasis:names:tc:opendocument:xmlns:xsl-fo-compatible:1.0" xmlns:dc="http://purl.org/dc/elements/1.1/" xmlns:xsd="http://www.w3.org/2001/XMLSchema" xmlns:xlink="http://www.w3.org/1999/xlink" xmlns:ooow="http://openoffice.org/2004/writer" xmlns:chart="urn:oasis:names:tc:opendocument:xmlns:chart:1.0" xmlns:style="urn:oasis:names:tc:opendocument:xmlns:style:1.0">
<office:scripts/>
<office:font-face-decls>
<style:font-face style:name="StarSymbol" svg:font-family="StarSymbol"/>
<style:font-face style:name="DejaVu Sans Mono" style:font-pitch="fixed" style:font-family-generic="modern" svg:font-family="&apos;DejaVu Sans Mono&apos;"/>
<style:font-face style:name="Times New Roman" style:font-pitch="variable" style:font-family-generic="roman" svg:font-family="&apos;Times New Roman&apos;"/>
<style:font-face style:name="Arial" style:font-pitch="variable" style:font-family-generic="swiss" svg:font-family="Arial"/>
<style:font-face style:name="Trebuchet MS" style:font-adornments="Normal" style:font-pitch="variable" style:font-family-generic="swiss" svg:font-family="&apos;Trebuchet MS&apos;"/>
<style:font-face style:name="DejaVu Sans" style:font-pitch="variable" style:font-family-generic="system" svg:font-family="&apos;DejaVu Sans&apos;"/>
</office:font-face-decls>
<office:automatic-styles>
<style:style style:name="IdentificativoPreventivo" style:family="table" style:master-page-name="Fattura">
<style:table-properties table:align="margins" style:page-number="0" style:width="16.942cm"/>
</style:style>
<style:style style:name="IdentificativoPreventivo.A" style:family="table-column">
<style:table-column-properties style:column-width="3.387cm" style:rel-column-width="13103*"/>
</style:style>
<style:style style:name="IdentificativoPreventivo.B" style:family="table-column">
<style:table-column-properties style:column-width="3.388cm" style:rel-column-width="13109*"/>
</style:style>
<style:style style:name="IdentificativoPreventivo.E" style:family="table-column">
<style:table-column-properties style:column-width="3.39cm" style:rel-column-width="13111*"/>
</style:style>
<style:style style:name="IdentificativoPreventivo.A1" style:family="table-cell">
<style:table-cell-properties fo:border="none" fo:padding="0cm"/>
</style:style>
<style:style style:name="Table2" style:family="table">
<style:table-properties fo:margin-bottom="0cm" fo:margin-top="0.508cm" table:align="margins" style:width="16.942cm"/>
</style:style>
<style:style style:name="Table2.A" style:family="table-column">
<style:table-column-properties style:column-width="2.819cm" style:rel-column-width="1598*"/>
</style:style>
<style:style style:name="Table2.B" style:family="table-column">
<style:table-column-properties style:column-width="2.824cm" style:rel-column-width="1601*"/>
</style:style>
<style:style style:name="Table2.C" style:family="table-column">
<style:table-column-properties style:column-width="4.847cm" style:rel-column-width="2748*"/>
</style:style>
<style:style style:name="Table2.D" style:family="table-column">
<style:table-column-properties style:column-width="1.284cm" style:rel-column-width="728*"/>
</style:style>
<style:style style:name="Table2.E" style:family="table-column">
<style:table-column-properties style:column-width="0.039cm" style:rel-column-width="22*"/>
</style:style>
<style:style style:name="Table2.F" style:family="table-column">
<style:table-column-properties style:column-width="2.263cm" style:rel-column-width="1283*"/>
</style:style>
<style:style style:name="Table2.G" style:family="table-column">
<style:table-column-properties style:column-width="0.037cm" style:rel-column-width="21*"/>
</style:style>
<style:style style:name="Table2.H" style:family="table-column">
<style:table-column-properties style:column-width="2.829cm" style:rel-column-width="1604*"/>
</style:style>
<style:style style:name="Table2.A1" style:family="table-cell">
<style:table-cell-properties fo:border="none" fo:padding="0.097cm"/>
</style:style>
<style:style style:name="Table2.4" style:family="table-row">
<style:table-row-properties style:min-row-height="0.217cm"/>
</style:style>
<style:style style:name="Table2.9" style:family="table-row">
<style:table-row-properties style:min-row-height="0.397cm"/>
</style:style>
<style:style style:name="Table1" style:family="table">
<style:table-properties fo:margin-bottom="0cm" fo:margin-top="0.254cm" table:align="right" style:may-break-between-rows="false" style:width="16.942cm"/>
</style:style>
<style:style style:name="Table1.A" style:family="table-column">
<style:table-column-properties style:column-width="3.043cm"/>
</style:style>
<style:style style:name="Table1.B" style:family="table-column">
<style:table-column-properties style:column-width="6.272cm"/>
</style:style>
<style:style style:name="Table1.C" style:family="table-column">
<style:table-column-properties style:column-width="0.113cm"/>
</style:style>
<style:style style:name="Table1.D" style:family="table-column">
<style:table-column-properties style:column-width="4.713cm"/>
</style:style>
<style:style style:name="Table1.E" style:family="table-column">
<style:table-column-properties style:column-width="2.801cm"/>
</style:style>
<style:style style:name="Table1.A1" style:family="table-cell">
<style:table-cell-properties fo:border="none" fo:padding="0.097cm" style:vertical-align="bottom"/>
</style:style>
<style:style style:name="Table1.E1" style:family="table-cell">
<style:table-cell-properties fo:border="none" fo:padding="0.097cm"/>
</style:style>
<style:style style:name="Table1.3" style:family="table-row">
<style:table-row-properties style:min-row-height="0.374cm"/>
</style:style>
<style:style style:name="Table1.11" style:family="table-row">
<style:table-row-properties style:min-row-height="1.441cm"/>
</style:style>
<style:style style:name="P1" style:parent-style-name="Header" style:family="paragraph">
<style:paragraph-properties style:justify-single-word="false" fo:text-align="end"/>
<style:text-properties fo:color="#c5000b"/>
</style:style>
<style:style style:name="P2" style:parent-style-name="Header" style:family="paragraph">
<style:paragraph-properties style:justify-single-word="false" fo:text-align="end"/>
<style:text-properties fo:font-size="10.5pt" style:font-size-asian="10.5pt" fo:color="#c5000b" style:font-size-complex="10.5pt"/>
</style:style>
<style:style style:name="P3" style:parent-style-name="Header" style:family="paragraph">
<style:paragraph-properties style:justify-single-word="false" fo:text-align="end"/>
</style:style>
<style:style style:name="P4" style:parent-style-name="Header" style:family="paragraph">
<style:paragraph-properties style:justify-single-word="false" fo:text-align="end"/>
<style:text-properties fo:font-size="10.5pt" style:font-size-asian="10.5pt" style:font-size-complex="10.5pt"/>
</style:style>
<style:style style:name="P5" style:parent-style-name="Footer" style:family="paragraph">
<style:paragraph-properties style:justify-single-word="false" fo:text-align="center"/>
</style:style>
<style:style style:name="P6" style:parent-style-name="Table_20_Contents" style:family="paragraph">
<style:text-properties fo:font-weight="bold" style:font-weight-complex="bold" style:font-weight-asian="bold"/>
</style:style>
<style:style style:name="P7" style:parent-style-name="Table_20_Contents" style:family="paragraph">
<style:paragraph-properties style:justify-single-word="false" fo:text-align="end"/>
<style:text-properties fo:font-weight="bold" style:font-weight-complex="bold" style:font-weight-asian="bold"/>
</style:style>
<style:style style:name="P8" style:parent-style-name="Table_20_Contents" style:family="paragraph">
<style:paragraph-properties style:justify-single-word="false" fo:text-align="center"/>
<style:text-properties fo:font-weight="bold" style:font-weight-complex="bold" style:font-weight-asian="bold"/>
</style:style>
<style:style style:name="P9" style:parent-style-name="Table_20_Contents" style:family="paragraph">
<style:text-properties fo:font-weight="normal" style:font-style-asian="italic" style:font-style-complex="italic" style:font-weight-complex="normal" style:font-weight-asian="normal" fo:font-style="italic"/>
</style:style>
<style:style style:name="P10" style:parent-style-name="Table_20_Contents" style:family="paragraph">
<style:text-properties fo:font-weight="bold" style:font-style-asian="italic" style:font-style-complex="italic" style:font-weight-complex="bold" style:font-weight-asian="bold" fo:font-style="italic"/>
</style:style>
<style:style style:name="P11" style:parent-style-name="Table_20_Contents" style:family="paragraph">
<style:text-properties fo:font-weight="normal" style:font-style-asian="normal" style:font-style-complex="normal" style:font-weight-complex="normal" style:font-weight-asian="normal" fo:font-style="normal"/>
</style:style>
<style:style style:name="P12" style:parent-style-name="Table_20_Contents" style:family="paragraph">
<style:text-properties fo:font-size="10.5pt" fo:font-weight="normal" style:font-style-asian="normal" style:font-size-asian="10.5pt" style:font-style-complex="normal" style:font-weight-complex="normal" style:font-weight-asian="normal" style:font-size-complex="10.5pt" fo:font-style="normal"/>
</style:style>
<style:style style:name="P13" style:parent-style-name="Table_20_Contents" style:family="paragraph">
<style:paragraph-properties style:justify-single-word="false" fo:text-align="center"/>
<style:text-properties fo:font-size="10.5pt" fo:font-weight="normal" style:font-style-asian="normal" style:font-size-asian="10.5pt" style:font-style-complex="normal" style:font-weight-complex="normal" style:font-weight-asian="normal" style:font-size-complex="10.5pt" fo:font-style="normal"/>
</style:style>
<style:style style:name="P14" style:parent-style-name="Table_20_Contents" style:family="paragraph">
<style:text-properties fo:font-size="10.5pt" fo:font-weight="normal" style:font-style-asian="italic" style:font-size-asian="10.5pt" style:font-style-complex="italic" style:font-weight-complex="normal" style:font-weight-asian="normal" style:font-size-complex="10.5pt" fo:font-style="italic"/>
</style:style>
<style:style style:name="P15" style:parent-style-name="Table_20_Contents" style:family="paragraph">
<style:paragraph-properties style:justify-single-word="false" fo:text-align="center"/>
<style:text-properties fo:font-size="10.5pt" fo:font-weight="bold" style:font-style-asian="italic" style:font-size-asian="10.5pt" style:font-style-complex="italic" style:font-weight-complex="bold" style:font-weight-asian="bold" style:font-size-complex="10.5pt" fo:font-style="italic"/>
</style:style>
<style:style style:name="P16" style:parent-style-name="Table_20_Contents" style:family="paragraph">
<style:text-properties fo:font-weight="normal" style:font-weight-complex="normal" style:font-weight-asian="normal"/>
</style:style>
<style:style style:name="P17" style:parent-style-name="Table_20_Contents" style:family="paragraph">
<style:paragraph-properties style:justify-single-word="false" fo:text-align="end"/>
</style:style>
<style:style style:name="P18" style:parent-style-name="Table_20_Contents" style:family="paragraph">
<style:paragraph-properties style:justify-single-word="false" fo:text-align="center"/>
</style:style>
<style:style style:name="P19" style:parent-style-name="Table_20_Contents" style:family="paragraph">
<style:paragraph-properties style:justify-single-word="false" fo:text-align="center"/>
</style:style>
<style:style style:name="P20" style:parent-style-name="Table_20_Contents" style:family="paragraph">
<style:paragraph-properties style:justify-single-word="false" fo:text-align="end"/>
</style:style>
<style:style style:name="T1" style:family="text"/>
<style:style style:name="fr1" style:parent-style-name="Graphics" style:family="graphic">
<style:graphic-properties draw:contrast="0%" style:horizontal-pos="from-left" draw:image-opacity="100%" draw:blue="0%" draw:color-mode="standard" style:vertical-rel="page" draw:green="0%" fo:clip="rect(0cm 0cm 0cm 0cm)" draw:red="0%" draw:luminance="0%" draw:gamma="100%" style:horizontal-rel="page" style:mirror="none" draw:color-inversion="false" style:vertical-pos="from-top"/>
</style:style>
<style:style style:name="fr2" style:parent-style-name="Graphics" style:family="graphic">
<style:graphic-properties draw:contrast="0%" style:horizontal-pos="from-left" draw:image-opacity="100%" draw:blue="0%" draw:color-mode="standard" style:vertical-rel="paragraph" draw:green="0%" fo:clip="rect(0cm 0cm 0cm 0cm)" draw:red="0%" draw:luminance="0%" draw:gamma="100%" style:horizontal-rel="paragraph" style:mirror="none" draw:color-inversion="false" style:vertical-pos="from-top"/>
</style:style>
<style:style style:name="fr3" style:parent-style-name="Graphics" style:family="graphic">
<style:graphic-properties style:number-wrapped-paragraphs="no-limit" draw:contrast="0%" style:horizontal-pos="from-left" style:wrap="run-through" draw:image-opacity="100%" draw:blue="0%" draw:color-mode="standard" style:vertical-rel="paragraph" draw:green="0%" fo:clip="rect(0cm 0cm 0cm 0cm)" draw:red="0%" draw:luminance="0%" draw:gamma="100%" style:run-through="background" style:horizontal-rel="paragraph" style:mirror="none" draw:color-inversion="false" style:vertical-pos="from-top"/>
</style:style>
</office:automatic-styles>
<office:body>
<office:text text:use-soft-page-breaks="true">
<text:sequence-decls>
<text:sequence-decl text:name="Illustration" text:display-outline-level="0"/>
<text:sequence-decl text:name="Table" text:display-outline-level="0"/>
<text:sequence-decl text:name="Text" text:display-outline-level="0"/>
<text:sequence-decl text:name="Drawing" text:display-outline-level="0"/>
</text:sequence-decls>
<draw:frame text:anchor-type="page" draw:name="graphics3" svg:x="1.349cm" svg:y="0.476cm" text:anchor-page-number="1" svg:height="10.125cm" draw:z-index="4" draw:style-name="fr1" svg:width="0.423cm">
<draw:image xlink:href="Pictures/100000000000000C0000011F81378DB1.jpg" xlink:type="simple" xlink:show="embed" xlink:actuate="onLoad"/>
</draw:frame>
<table:table table:name="IdentificativoPreventivo" table:style-name="IdentificativoPreventivo">
<table:table-column table:style-name="IdentificativoPreventivo.A"/>
<table:table-column table:style-name="IdentificativoPreventivo.B"/>
<table:table-column table:style-name="IdentificativoPreventivo.A"/>
<table:table-column table:style-name="IdentificativoPreventivo.B"/>
<table:table-column table:style-name="IdentificativoPreventivo.E"/>
<table:table-row>
<table:table-cell office:value-type="string" table:style-name="IdentificativoPreventivo.A1">
<text:p text:style-name="Table_20_Contents">
Data:
</text:p>
</table:table-cell>
<table:table-cell office:value-type="string" table:style-name="IdentificativoPreventivo.A1">
<text:p text:style-name="Table_20_Contents">
16/04/2009
</text:p>
</table:table-cell>
<table:table-cell office:value-type="string" table:style-name="IdentificativoPreventivo.A1">
<text:p text:style-name="Table_20_Contents">
Spett.le
</text:p>
</table:table-cell>
<table:table-cell office:value-type="string" table:style-name="IdentificativoPreventivo.A1">
<text:p text:style-name="Table_20_Contents"/>
</table:table-cell>
<table:table-cell office:value-type="string" table:style-name="IdentificativoPreventivo.A1">
<text:p text:style-name="Table_20_Contents"/>
</table:table-cell>
</table:table-row>
<table:table-row>
<table:table-cell office:value-type="string" table:style-name="IdentificativoPreventivo.A1">
<text:p text:style-name="Table_20_Contents">
Preventivo
</text:p>
</table:table-cell>
<table:table-cell office:value-type="string" table:style-name="IdentificativoPreventivo.A1">
<text:p text:style-name="Table_20_Contents">
<text:span text:style-name="Strong Emphasis">n.046/2009</text:span>
</text:p>
</table:table-cell>
<table:table-cell office:value-type="string" table:number-columns-spanned="3" table:style-name="IdentificativoPreventivo.A1">
<text:p text:style-name="Table_20_Contents">
<text:span text:style-name="Strong Emphasis">COLGATE PALMOLIVE</text:span>
</text:p>
</table:table-cell>
<table:covered-table-cell/>
<table:covered-table-cell/>
</table:table-row>
<table:table-row>
<table:table-cell office:value-type="string" table:style-name="IdentificativoPreventivo.A1">
<text:p text:style-name="Table_20_Contents">
Job:
</text:p>
</table:table-cell>
<table:table-cell office:value-type="string" table:style-name="IdentificativoPreventivo.A1">
<text:p text:style-name="Table_20_Contents">
<text:span text:style-name="Strong Emphasis">n.003/2009</text:span>
</text:p>
</table:table-cell>
<table:table-cell office:value-type="string" table:style-name="IdentificativoPreventivo.A1">
<text:p text:style-name="Table_20_Contents">
<text:span text:style-name="Ruby_20_Literal"/>
</text:p>
</table:table-cell>
<table:table-cell office:value-type="string" table:style-name="IdentificativoPreventivo.A1">
<text:p text:style-name="Table_20_Contents"/>
</table:table-cell>
<table:table-cell office:value-type="string" table:style-name="IdentificativoPreventivo.A1">
<text:p text:style-name="Table_20_Contents"/>
</table:table-cell>
</table:table-row>
<table:table-row>
<table:table-cell office:value-type="string" table:style-name="IdentificativoPreventivo.A1">
<text:p text:style-name="Table_20_Contents"/>
</table:table-cell>
<table:table-cell office:value-type="string" table:style-name="IdentificativoPreventivo.A1">
<text:p text:style-name="Table_20_Contents">
<text:span text:style-name="Ruby_20_Value"/>
</text:p>
</table:table-cell>
<table:table-cell office:value-type="string" table:style-name="IdentificativoPreventivo.A1">
<text:p text:style-name="Table_20_Contents">
<text:span text:style-name="Ruby_20_Literal"/>
</text:p>
</table:table-cell>
<table:table-cell office:value-type="string" table:style-name="IdentificativoPreventivo.A1">
<text:p text:style-name="Table_20_Contents"/>
</table:table-cell>
<table:table-cell office:value-type="string" table:style-name="IdentificativoPreventivo.A1">
<text:p text:style-name="Table_20_Contents"/>
</table:table-cell>
</table:table-row>
<table:table-row>
<table:table-cell office:value-type="string" table:style-name="IdentificativoPreventivo.A1">
<text:p text:style-name="Table_20_Contents">
Da:
</text:p>
</table:table-cell>
<table:table-cell office:value-type="string" table:style-name="IdentificativoPreventivo.A1">
<text:p text:style-name="Table_20_Contents">
Roberto Masi
</text:p>
</table:table-cell>
<table:table-cell office:value-type="string" table:style-name="IdentificativoPreventivo.A1">
<text:p text:style-name="Table_20_Contents">
c.a.
</text:p>
</table:table-cell>
<table:table-cell office:value-type="string" table:number-columns-spanned="2" table:style-name="IdentificativoPreventivo.A1">
<text:p text:style-name="Table_20_Contents">
<text:span text:style-name="Strong Emphasis">Mario Rossi</text:span>
</text:p>
</table:table-cell>
<table:covered-table-cell/>
</table:table-row>
<table:table-row>
<table:table-cell office:value-type="string" table:style-name="IdentificativoPreventivo.A1">
<text:p text:style-name="Table_20_Contents"/>
</table:table-cell>
<table:table-cell office:value-type="string" table:style-name="IdentificativoPreventivo.A1">
<text:p text:style-name="Table_20_Contents"/>
</table:table-cell>
<table:table-cell office:value-type="string" table:style-name="IdentificativoPreventivo.A1">
<text:p text:style-name="Table_20_Contents"/>
</table:table-cell>
<table:table-cell office:value-type="string" table:style-name="IdentificativoPreventivo.A1">
<text:p text:style-name="Table_20_Contents"/>
</table:table-cell>
<table:table-cell office:value-type="string" table:style-name="IdentificativoPreventivo.A1">
<text:p text:style-name="Table_20_Contents"/>
</table:table-cell>
</table:table-row>
<table:table-row>
<table:table-cell office:value-type="string" table:style-name="IdentificativoPreventivo.A1">
<text:p text:style-name="P16">
Oggetto:
</text:p>
</table:table-cell>
<table:table-cell office:value-type="string" table:number-columns-spanned="4" table:style-name="IdentificativoPreventivo.A1">
<text:p text:style-name="P6">
PREVENTIVO COLGATE OHM 2009
</text:p>
</table:table-cell>
<table:covered-table-cell/>
<table:covered-table-cell/>
<table:covered-table-cell/>
</table:table-row>
</table:table>
<table:table table:name="Table2" table:style-name="Table2">
<table:table-column table:style-name="Table2.A"/>
<table:table-column table:style-name="Table2.B"/>
<table:table-column table:style-name="Table2.C"/>
<table:table-column table:style-name="Table2.D"/>
<table:table-column table:style-name="Table2.E"/>
<table:table-column table:style-name="Table2.F"/>
<table:table-column table:style-name="Table2.G"/>
<table:table-column table:style-name="Table2.H"/>
<table:table-row>
<table:table-cell office:value-type="string" table:style-name="Table2.A1">
<text:p text:style-name="Table_20_Contents"/>
</table:table-cell>
<table:table-cell office:value-type="string" table:style-name="Table2.A1">
<text:p text:style-name="Table_20_Contents"/>
</table:table-cell>
<table:table-cell office:value-type="string" table:style-name="Table2.A1">
<text:p text:style-name="Table_20_Contents"/>
</table:table-cell>
<table:table-cell office:value-type="string" table:number-columns-spanned="2" table:style-name="Table2.A1">
<text:p text:style-name="P8">
Q.TA&apos;
</text:p>
</table:table-cell>
<table:covered-table-cell/>
<table:table-cell office:value-type="string" table:number-columns-spanned="3" table:style-name="Table2.A1">
<text:p text:style-name="P8">
IMPORTO €
</text:p>
</table:table-cell>
<table:covered-table-cell/>
<table:covered-table-cell/>
</table:table-row>
<table:table-row>
<table:table-cell office:value-type="string" table:style-name="Table2.A1">
<text:p text:style-name="Table_20_Contents"/>
</table:table-cell>
<table:table-cell office:value-type="string" table:style-name="Table2.A1">
<text:p text:style-name="Table_20_Contents"/>
</table:table-cell>
<table:table-cell office:value-type="string" table:style-name="Table2.A1">
<text:p text:style-name="Table_20_Contents"/>
</table:table-cell>
<table:table-cell office:value-type="string" table:number-columns-spanned="2" table:style-name="Table2.A1">
<text:p text:style-name="Table_20_Contents"/>
</table:table-cell>
<table:covered-table-cell/>
<table:table-cell office:value-type="string" table:number-columns-spanned="2" table:style-name="Table2.A1">
<text:p text:style-name="P7">
Cad.
</text:p>
</table:table-cell>
<table:covered-table-cell/>
<table:table-cell office:value-type="string" table:style-name="Table2.A1">
<text:p text:style-name="P7">
TOTALI
</text:p>
</table:table-cell>
</table:table-row>

<table:table-row table:style-name="Table2.4">
<table:table-cell office:value-type="string" table:number-columns-spanned="8" table:style-name="Table2.A1">
<text:p text:style-name="Table_20_Contents"/>
</table:table-cell>
<table:covered-table-cell/>
<table:covered-table-cell/>
<table:covered-table-cell/>
<table:covered-table-cell/>
<table:covered-table-cell/>
<table:covered-table-cell/>
<table:covered-table-cell/>
</table:table-row>
<table:table-row>
<table:table-cell office:value-type="string" table:number-columns-spanned="8" table:style-name="Table2.A1">
<text:p text:style-name="Table_20_Contents">
<text:span text:style-name="Heading 2">AGENZIA</text:span>
</text:p>
</table:table-cell>
<table:covered-table-cell/>
<table:covered-table-cell/>
<table:covered-table-cell/>
<table:covered-table-cell/>
<table:covered-table-cell/>
<table:covered-table-cell/>
<table:covered-table-cell/>
</table:table-row>

<table:table-row>
<table:table-cell office:value-type="string" table:number-columns-spanned="3" table:style-name="Table2.A1">
<text:p text:style-name="Table_20_Contents">
-
Fee Agenzia, lavorazione grafica e rendering, progettazione, coordinamento produzione e controllo qualità
</text:p>
</table:table-cell>
<table:covered-table-cell/>
<table:covered-table-cell/>
<table:table-cell office:value-type="string" table:style-name="Table2.A1">
<text:p text:style-name="P18">
1.0
</text:p>
</table:table-cell>
<table:table-cell office:value-type="string" table:number-columns-spanned="2" table:style-name="Table2.A1">
<text:p text:style-name="P17">
€500,00
</text:p>
</table:table-cell>
<table:covered-table-cell/>
<table:table-cell office:value-type="string" table:number-columns-spanned="2" table:style-name="Table2.A1">
<text:p text:style-name="P17">
€500,00
</text:p>
</table:table-cell>
<table:covered-table-cell/>
</table:table-row>

<table:table-row>
<table:table-cell office:value-type="string" table:number-columns-spanned="3" table:style-name="Table2.A1">
<text:p text:style-name="Table_20_Contents">
-
illustrazioni 3d, alta definizione
</text:p>
</table:table-cell>
<table:covered-table-cell/>
<table:covered-table-cell/>
<table:table-cell office:value-type="string" table:style-name="Table2.A1">
<text:p text:style-name="P18">
6.0
</text:p>
</table:table-cell>
<table:table-cell office:value-type="string" table:number-columns-spanned="2" table:style-name="Table2.A1">
<text:p text:style-name="P17">
€200,00
</text:p>
</table:table-cell>
<table:covered-table-cell/>
<table:table-cell office:value-type="string" table:number-columns-spanned="2" table:style-name="Table2.A1">
<text:p text:style-name="P17">
€1.200,00
</text:p>
</table:table-cell>
<table:covered-table-cell/>
</table:table-row>

<table:table-row table:style-name="Table2.9">
<table:table-cell office:value-type="string" table:number-columns-spanned="8" table:style-name="Table2.A1">
<text:p text:style-name="Table_20_Contents"/>
</table:table-cell>
<table:covered-table-cell/>
<table:covered-table-cell/>
<table:covered-table-cell/>
<table:covered-table-cell/>
<table:covered-table-cell/>
<table:covered-table-cell/>
<table:covered-table-cell/>
</table:table-row>

<table:table-row>
<table:table-cell office:value-type="string" table:number-columns-spanned="7" table:style-name="Table2.A1">
<text:p text:style-name="Table_20_Contents">
Sconto
</text:p>
</table:table-cell>
<table:covered-table-cell/>
<table:covered-table-cell/>
<table:covered-table-cell/>
<table:covered-table-cell/>
<table:covered-table-cell/>
<table:covered-table-cell/>
<table:table-cell office:value-type="string" table:style-name="Table2.A1">
<text:p text:style-name="P17">
€-500,00
</text:p>
</table:table-cell>
</table:table-row>
<table:table-row>
<table:table-cell office:value-type="string" table:number-columns-spanned="7" table:style-name="Table2.A1">

</table:table-cell>
<table:covered-table-cell/>
<table:covered-table-cell/>
<table:covered-table-cell/>
<table:covered-table-cell/>
<table:covered-table-cell/>
<table:covered-table-cell/>
<table:table-cell office:value-type="string" table:style-name="Table2.A1">
<text:p text:style-name="P17"/>
</table:table-cell>
</table:table-row>
<table:table-row>
<table:table-cell office:value-type="string" table:number-columns-spanned="7" table:style-name="Table2.A1">
<text:p text:style-name="Table_20_Contents">
1
</text:p>
</table:table-cell>
<table:covered-table-cell/>
<table:covered-table-cell/>
<table:covered-table-cell/>
<table:covered-table-cell/>
<table:covered-table-cell/>
<table:covered-table-cell/>
<table:table-cell office:value-type="string" table:style-name="Table2.A1">
<text:p text:style-name="P17"/>
</table:table-cell>
</table:table-row>
<table:table-row>
<table:table-cell office:value-type="string" table:number-columns-spanned="7" table:style-name="Table2.A1">

</table:table-cell>
<table:covered-table-cell/>
<table:covered-table-cell/>
<table:covered-table-cell/>
<table:covered-table-cell/>
<table:covered-table-cell/>
<table:covered-table-cell/>
<table:table-cell office:value-type="string" table:style-name="Table2.A1">
<text:p text:style-name="P17"/>
</table:table-cell>
</table:table-row>
<table:table-row>
<table:table-cell office:value-type="string" table:number-columns-spanned="7" table:style-name="Table2.A1">
<text:p text:style-name="Table_20_Contents">
2
</text:p>
</table:table-cell>
<table:covered-table-cell/>
<table:covered-table-cell/>
<table:covered-table-cell/>
<table:covered-table-cell/>
<table:covered-table-cell/>
<table:covered-table-cell/>
<table:table-cell office:value-type="string" table:style-name="Table2.A1">
<text:p text:style-name="P17"/>
</table:table-cell>
</table:table-row>
<table:table-row>
<table:table-cell office:value-type="string" table:number-columns-spanned="7" table:style-name="Table2.A1">

</table:table-cell>
<table:covered-table-cell/>
<table:covered-table-cell/>
<table:covered-table-cell/>
<table:covered-table-cell/>
<table:covered-table-cell/>
<table:covered-table-cell/>
<table:table-cell office:value-type="string" table:style-name="Table2.A1">
<text:p text:style-name="P17"/>
</table:table-cell>
</table:table-row>
<table:table-row>
<table:table-cell office:value-type="string" table:number-columns-spanned="7" table:style-name="Table2.A1">
<text:p text:style-name="Table_20_Contents">
3
</text:p>
</table:table-cell>
<table:covered-table-cell/>
<table:covered-table-cell/>
<table:covered-table-cell/>
<table:covered-table-cell/>
<table:covered-table-cell/>
<table:covered-table-cell/>
<table:table-cell office:value-type="string" table:style-name="Table2.A1">
<text:p text:style-name="P17"/>
</table:table-cell>
</table:table-row>
<table:table-row>
<table:table-cell office:value-type="string" table:number-columns-spanned="7" table:style-name="Table2.A1">

</table:table-cell>
<table:covered-table-cell/>
<table:covered-table-cell/>
<table:covered-table-cell/>
<table:covered-table-cell/>
<table:covered-table-cell/>
<table:covered-table-cell/>
<table:table-cell office:value-type="string" table:style-name="Table2.A1">
<text:p text:style-name="P17"/>
</table:table-cell>
</table:table-row>
<table:table-row>
<table:table-cell office:value-type="string" table:number-columns-spanned="7" table:style-name="Table2.A1">
<text:p text:style-name="Table_20_Contents">
4
</text:p>
</table:table-cell>
<table:covered-table-cell/>
<table:covered-table-cell/>
<table:covered-table-cell/>
<table:covered-table-cell/>
<table:covered-table-cell/>
<table:covered-table-cell/>
<table:table-cell office:value-type="string" table:style-name="Table2.A1">
<text:p text:style-name="P17"/>
</table:table-cell>
</table:table-row>
<table:table-row>
<table:table-cell office:value-type="string" table:number-columns-spanned="7" table:style-name="Table2.A1">

</table:table-cell>
<table:covered-table-cell/>
<table:covered-table-cell/>
<table:covered-table-cell/>
<table:covered-table-cell/>
<table:covered-table-cell/>
<table:covered-table-cell/>
<table:table-cell office:value-type="string" table:style-name="Table2.A1">
<text:p text:style-name="P17"/>
</table:table-cell>
</table:table-row>
<table:table-row>
<table:table-cell office:value-type="string" table:number-columns-spanned="7" table:style-name="Table2.A1">
<text:p text:style-name="Table_20_Contents">
5
</text:p>
</table:table-cell>
<table:covered-table-cell/>
<table:covered-table-cell/>
<table:covered-table-cell/>
<table:covered-table-cell/>
<table:covered-table-cell/>
<table:covered-table-cell/>
<table:table-cell office:value-type="string" table:style-name="Table2.A1">
<text:p text:style-name="P17"/>
</table:table-cell>
</table:table-row>
<table:table-row>
<table:table-cell office:value-type="string" table:number-columns-spanned="7" table:style-name="Table2.A1">

</table:table-cell>
<table:covered-table-cell/>
<table:covered-table-cell/>
<table:covered-table-cell/>
<table:covered-table-cell/>
<table:covered-table-cell/>
<table:covered-table-cell/>
<table:table-cell office:value-type="string" table:style-name="Table2.A1">
<text:p text:style-name="P17"/>
</table:table-cell>
</table:table-row>
</table:table>
<table:table table:name="Table1" table:style-name="Table1">
<table:table-column table:style-name="Table1.A"/>
<table:table-column table:style-name="Table1.B"/>
<table:table-column table:style-name="Table1.C"/>
<table:table-column table:style-name="Table1.D"/>
<table:table-column table:style-name="Table1.E"/>
<text:soft-page-break/>
<table:table-row>
<table:table-cell office:value-type="string" table:number-columns-spanned="4" table:style-name="Table1.A1">
<text:p text:style-name="P6">
TOTALE PREVENTIVO
</text:p>
</table:table-cell>
<table:covered-table-cell/>
<table:covered-table-cell/>
<table:covered-table-cell/>
<table:table-cell office:value-type="string" table:style-name="Table1.E1">
<text:p text:style-name="P7">
<text:span text:style-name="Strong Emphasis">€1.200,00</text:span>
</text:p>
</table:table-cell>
</table:table-row>
<table:table-row>
<table:table-cell office:value-type="string" table:number-columns-spanned="4" table:style-name="Table1.E1">
<text:p text:style-name="P14">
I prezzi indicati si intendono al netto di IVA
</text:p>
</table:table-cell>
<table:covered-table-cell/>
<table:covered-table-cell/>
<table:covered-table-cell/>
<table:table-cell office:value-type="string" table:style-name="Table1.E1">
<text:p text:style-name="P6"/>
</table:table-cell>
</table:table-row>
<table:table-row table:style-name="Table1.3">
<table:table-cell office:value-type="string" table:style-name="Table1.E1">
<text:p text:style-name="P9"/>
</table:table-cell>
<table:table-cell office:value-type="string" table:number-columns-spanned="2" table:style-name="Table1.E1">
<text:p text:style-name="P9"/>
</table:table-cell>
<table:covered-table-cell/>
<table:table-cell office:value-type="string" table:style-name="Table1.E1">
<text:p text:style-name="P9"/>
</table:table-cell>
<table:table-cell office:value-type="string" table:style-name="Table1.E1">
<text:p text:style-name="P6"/>
</table:table-cell>
</table:table-row>
<table:table-row>
<table:table-cell office:value-type="string" table:style-name="Table1.E1">
<text:p text:style-name="P10">
Consegna PdV:
</text:p>
</table:table-cell>
<table:table-cell office:value-type="string" table:number-columns-spanned="4" table:style-name="Table1.E1">
<text:p text:style-name="P11">
Presso Auchan, Centro Commerciale Porta di Roma via dei Settebagni
</text:p>
</table:table-cell>
<table:covered-table-cell/>
<table:covered-table-cell/>
<table:covered-table-cell/>
</table:table-row>
<table:table-row>
<table:table-cell office:value-type="string" table:style-name="Table1.E1">
<text:p text:style-name="P10">
Pagamento:
</text:p>
</table:table-cell>
<table:table-cell office:value-type="string" table:number-columns-spanned="4" table:style-name="Table1.E1">
<text:p text:style-name="P11">
SOLITI ACCORDI
</text:p>
</table:table-cell>
<table:covered-table-cell/>
<table:covered-table-cell/>
<table:covered-table-cell/>
</table:table-row>
<table:table-row>
<table:table-cell office:value-type="string" table:style-name="Table1.E1">
<text:p text:style-name="P10">
Fatturazione:
</text:p>
</table:table-cell>
<table:table-cell office:value-type="string" table:number-columns-spanned="4" table:style-name="Table1.E1">
<text:p text:style-name="P11">
Come Soliti Accordi
</text:p>
</table:table-cell>
<table:covered-table-cell/>
<table:covered-table-cell/>
<table:covered-table-cell/>
</table:table-row>
<table:table-row>
<table:table-cell office:value-type="string" table:style-name="Table1.E1">
<text:p text:style-name="P11"/>
</table:table-cell>
<table:table-cell office:value-type="string" table:number-columns-spanned="2" table:style-name="Table1.E1">
<text:p text:style-name="P9"/>
</table:table-cell>
<table:covered-table-cell/>
<table:table-cell office:value-type="string" table:style-name="Table1.E1">
<text:p text:style-name="P9"/>
</table:table-cell>
<table:table-cell office:value-type="string" table:style-name="Table1.E1">
<text:p text:style-name="P6"/>
</table:table-cell>
</table:table-row>
<table:table-row>
<table:table-cell office:value-type="string" table:number-columns-spanned="5" table:style-name="Table1.E1">
<text:p text:style-name="P12">
Nell&apos;attesa di ricevere la presente lettera controfirmata per accettazione,
porgiamo distinti saluti
</text:p>
</table:table-cell>
<table:covered-table-cell/>
<table:covered-table-cell/>
<table:covered-table-cell/>
<table:covered-table-cell/>
</table:table-row>
<table:table-row>
<table:table-cell office:value-type="string" table:number-columns-spanned="5" table:style-name="Table1.E1">
<text:p text:style-name="P12"/>
</table:table-cell>
<table:covered-table-cell/>
<table:covered-table-cell/>
<table:covered-table-cell/>
<table:covered-table-cell/>
</table:table-row>
<table:table-row>
<table:table-cell office:value-type="string" table:number-columns-spanned="2" table:style-name="Table1.E1">
<text:p text:style-name="P15">
Timbro e firma
</text:p>
</table:table-cell>
<table:covered-table-cell/>
<table:table-cell office:value-type="string" table:number-columns-spanned="3" table:style-name="Table1.E1">
<text:p text:style-name="P12"/>
</table:table-cell>
<table:covered-table-cell/>
<table:covered-table-cell/>
</table:table-row>
<table:table-row table:style-name="Table1.11">
<table:table-cell office:value-type="string" table:number-columns-spanned="2" table:style-name="Table1.E1">
<text:p text:style-name="P15"/>
<text:p text:style-name="P15">
_______________________
</text:p>
</table:table-cell>
<table:covered-table-cell/>
<table:table-cell office:value-type="string" table:number-columns-spanned="3" table:style-name="Table1.E1">
<text:p text:style-name="P13">
<text:span text:style-name="Strong Emphasis">Cube S.r.l.</text:span>
</text:p>
</table:table-cell>
<table:covered-table-cell/>
<table:covered-table-cell/>
</table:table-row>
</table:table>
<text:p text:style-name="Standard">
<text:span text:style-name="Strong_20_Emphasis"/>
</text:p>
</office:text>
</office:body>
</office:document-content>