<?xml version="1.0" encoding="UTF-8"?>
<office:document-meta xmlns:office="urn:oasis:names:tc:opendocument:xmlns:office:1.0" xmlns:xlink="http://www.w3.org/1999/xlink" xmlns:dc="http://purl.org/dc/elements/1.1/" xmlns:meta="urn:oasis:names:tc:opendocument:xmlns:meta:1.0" xmlns:ooo="http://openoffice.org/2004/office" office:version="1.1"><office:meta><meta:generator>OpenOffice.org/2.4$Linux OpenOffice.org_project/680m17$Build-9310</meta:generator><meta:initial-creator>andreab</meta:initial-creator><meta:creation-date>2009-04-15T14:43:35</meta:creation-date><dc:creator>andreab</dc:creator><dc:date>2009-04-16T14:34:55</dc:date><meta:editing-cycles>149</meta:editing-cycles><meta:editing-duration>PT6H31M6S</meta:editing-duration><meta:user-defined meta:name="Info 1"/><meta:user-defined meta:name="Info 2"/><meta:user-defined meta:name="Info 3"/><meta:user-defined meta:name="Info 4"/><meta:document-statistic meta:table-count="3" meta:image-count="4" meta:object-count="0" meta:page-count="2" meta:paragraph-count="54" meta:word-count="131" meta:character-count="1163"/></office:meta></office:document-meta>