<?xml version='1.0' encoding='UTF-8'?> 
<office:document-styles xmlns:number="urn:oasis:names:tc:opendocument:xmlns:datastyle:1.0" xmlns:dr3d="urn:oasis:names:tc:opendocument:xmlns:dr3d:1.0" xmlns:oooc="http://openoffice.org/2004/calc" xmlns:script="urn:oasis:names:tc:opendocument:xmlns:script:1.0" xmlns:math="http://www.w3.org/1998/Math/MathML" xmlns:dom="http://www.w3.org/2001/xml-events" xmlns:svg="urn:oasis:names:tc:opendocument:xmlns:svg-compatible:1.0" xmlns:ooo="http://openoffice.org/2004/office" xmlns:text="urn:oasis:names:tc:opendocument:xmlns:text:1.0" xmlns:table="urn:oasis:names:tc:opendocument:xmlns:table:1.0" xmlns:meta="urn:oasis:names:tc:opendocument:xmlns:meta:1.0" xmlns:form="urn:oasis:names:tc:opendocument:xmlns:form:1.0" xmlns:draw="urn:oasis:names:tc:opendocument:xmlns:drawing:1.0" office:version="1.1" xmlns:office="urn:oasis:names:tc:opendocument:xmlns:office:1.0" xmlns:fo="urn:oasis:names:tc:opendocument:xmlns:xsl-fo-compatible:1.0" xmlns:dc="http://purl.org/dc/elements/1.1/" xmlns:xlink="http://www.w3.org/1999/xlink" xmlns:ooow="http://openoffice.org/2004/writer" xmlns:chart="urn:oasis:names:tc:opendocument:xmlns:chart:1.0" xmlns:style="urn:oasis:names:tc:opendocument:xmlns:style:1.0">
<office:font-face-decls>
<style:font-face style:name="StarSymbol" svg:font-family="StarSymbol"/>
<style:font-face style:name="DejaVu Sans Mono" style:font-pitch="fixed" style:font-family-generic="modern" svg:font-family="&apos;DejaVu Sans Mono&apos;"/>
<style:font-face style:name="Times New Roman" style:font-pitch="variable" style:font-family-generic="roman" svg:font-family="&apos;Times New Roman&apos;"/>
<style:font-face style:name="Arial" style:font-pitch="variable" style:font-family-generic="swiss" svg:font-family="Arial"/>
<style:font-face style:name="Trebuchet MS" style:font-adornments="Normal" style:font-pitch="variable" style:font-family-generic="swiss" svg:font-family="&apos;Trebuchet MS&apos;"/>
<style:font-face style:name="DejaVu Sans" style:font-pitch="variable" style:font-family-generic="system" svg:font-family="&apos;DejaVu Sans&apos;"/>
</office:font-face-decls>
<office:styles>
<style:default-style style:family="graphic">
<style:graphic-properties style:flow-with-text="false" draw:shadow-offset-x="0.3cm" draw:start-line-spacing-vertical="0.283cm" draw:end-line-spacing-horizontal="0.283cm" draw:shadow-offset-y="0.3cm" draw:start-line-spacing-horizontal="0.283cm" draw:end-line-spacing-vertical="0.283cm"/>
<style:paragraph-properties style:writing-mode="lr-tb" style:text-autospace="ideograph-alpha" style:font-independent-line-spacing="false" style:line-break="strict">
<style:tab-stops/>
</style:paragraph-properties>
<style:text-properties fo:country="IT" style:country-asian="none" fo:font-size="12pt" style:font-size-asian="10.5pt" fo:language="it" style:font-size-complex="12pt" style:language-asian="zxx" style:country-complex="none" style:use-window-font-color="true" style:language-complex="zxx" style:letter-kerning="true"/>
</style:default-style>
<style:default-style style:family="paragraph">
<style:paragraph-properties style:punctuation-wrap="hanging" style:writing-mode="page" style:text-autospace="ideograph-alpha" fo:hyphenation-ladder-count="no-limit" style:line-break="strict" style:tab-stop-distance="1.251cm"/>
<style:text-properties fo:country="IT" style:country-asian="none" fo:font-size="12pt" fo:hyphenate="false" style:font-name-asian="DejaVu Sans" fo:hyphenation-push-char-count="2" style:font-name-complex="DejaVu Sans" style:font-size-asian="10.5pt" fo:language="it" style:font-size-complex="12pt" style:language-asian="zxx" style:country-complex="none" style:use-window-font-color="true" fo:hyphenation-remain-char-count="2" style:language-complex="zxx" style:letter-kerning="true" style:font-name="Times New Roman"/>
</style:default-style>
<style:default-style style:family="table">
<style:table-properties table:border-model="collapsing"/>
</style:default-style>
<style:default-style style:family="table-row">
<style:table-row-properties fo:keep-together="auto"/>
</style:default-style>
<style:style style:name="Standard" style:class="text" style:family="paragraph">
<style:paragraph-properties fo:background-color="transparent">
<style:background-image/>
</style:paragraph-properties>
<style:text-properties style:font-size-asian="10.5pt" style:font-name="Trebuchet MS"/>
</style:style>
<style:style style:name="Heading" style:class="text" style:next-style-name="Text_20_body" style:parent-style-name="Standard" style:family="paragraph">
<style:paragraph-properties fo:keep-with-next="always" fo:margin-bottom="0.212cm" fo:margin-top="0.423cm"/>
<style:text-properties fo:font-size="14pt" style:font-name-asian="DejaVu Sans" style:font-name-complex="DejaVu Sans" style:font-size-asian="14pt" style:font-size-complex="14pt" style:font-name="Arial"/>
</style:style>
<style:style style:name="Text_20_body" style:class="text" style:parent-style-name="Standard" style:display-name="Text body" style:family="paragraph">
<style:paragraph-properties fo:margin-bottom="0.212cm" fo:margin-top="0cm"/>
</style:style>
<style:style style:name="List" style:class="list" style:parent-style-name="Text_20_body" style:family="paragraph">
<style:text-properties style:font-size-asian="12pt"/>
</style:style>
<style:style style:name="Caption" style:class="extra" style:parent-style-name="Standard" style:family="paragraph">
<style:paragraph-properties fo:margin-bottom="0.212cm" fo:margin-top="0.212cm" text:line-number="0" text:number-lines="false"/>
<style:text-properties fo:font-size="12pt" style:font-style-asian="italic" style:font-size-asian="12pt" style:font-style-complex="italic" style:font-size-complex="12pt" fo:font-style="italic"/>
</style:style>
<style:style style:name="Index" style:class="index" style:parent-style-name="Standard" style:family="paragraph">
<style:paragraph-properties text:line-number="0" text:number-lines="false"/>
<style:text-properties style:font-size-asian="12pt"/>
</style:style>
<style:style style:name="Header" style:class="extra" style:parent-style-name="Standard" style:family="paragraph">
<style:paragraph-properties text:line-number="0" text:number-lines="false">
<style:tab-stops>
<style:tab-stop style:position="8.795cm" style:type="center"/>
<style:tab-stop style:position="17.59cm" style:type="right"/>
</style:tab-stops>
</style:paragraph-properties>
</style:style>
<style:style style:name="Footer" style:class="extra" style:parent-style-name="Standard" style:family="paragraph" style:master-page-name="">
<style:paragraph-properties style:shadow="none" fo:background-color="transparent" text:line-number="0" text:number-lines="false" style:page-number="auto">
<style:tab-stops>
<style:tab-stop style:position="8.795cm" style:type="center"/>
<style:tab-stop style:position="17.59cm" style:type="right"/>
</style:tab-stops>
<style:background-image/>
</style:paragraph-properties>
<style:text-properties fo:font-size="10pt" style:font-size-asian="10.5pt"/>
</style:style>
<style:style style:name="Table_20_Contents" style:class="extra" style:parent-style-name="Standard" style:display-name="Table Contents" style:family="paragraph">
<style:paragraph-properties style:shadow="none" fo:background-color="transparent" text:line-number="0" text:number-lines="false">
<style:background-image/>
</style:paragraph-properties>
<style:text-properties fo:font-size="10.5pt" style:font-size-asian="10.5pt"/>
</style:style>
<style:style style:name="Table_20_Heading" style:class="extra" style:parent-style-name="Table_20_Contents" style:display-name="Table Heading" style:family="paragraph">
<style:paragraph-properties text:line-number="0" style:justify-single-word="false" text:number-lines="false" fo:text-align="center"/>
<style:text-properties fo:font-weight="bold" style:font-weight-complex="bold" style:font-weight-asian="bold"/>
</style:style>
<style:style style:name="Ruby_20_Code" style:display-name="Ruby Code" style:family="text">
<style:text-properties style:font-size-asian="10.5pt" fo:background-color="#5c8526" style:font-name="Trebuchet MS"/>
</style:style>
<style:style style:name="Ruby_20_Block" style:parent-style-name="Ruby_20_Code" style:display-name="Ruby Block" style:family="text">
<style:text-properties style:font-size-asian="10.5pt" fo:background-color="#800000" style:font-name="Trebuchet MS"/>
</style:style>
<style:style style:name="Ruby_20_Literal" style:parent-style-name="Ruby_20_Block" style:display-name="Ruby Literal" style:family="text">
<style:text-properties style:font-size-asian="10.5pt" fo:background-color="#2300dc" style:font-name="Trebuchet MS"/>
</style:style>
<style:style style:name="Ruby_20_Value" style:parent-style-name="Ruby_20_Literal" style:display-name="Ruby Value" style:family="text">
<style:text-properties style:font-size-asian="10.5pt" fo:background-color="#ffb515" style:font-name="Trebuchet MS"/>
</style:style>
<style:style style:name="Main_20_index_20_entry" style:display-name="Main index entry" style:family="text">
<style:text-properties fo:font-weight="bold" style:font-weight-complex="bold" style:font-weight-asian="bold"/>
</style:style>
<style:style style:name="Source_20_Text" style:display-name="Source Text" style:family="text">
<style:text-properties style:font-name-asian="DejaVu Sans Mono" style:font-name-complex="DejaVu Sans Mono" style:font-name="DejaVu Sans Mono"/>
</style:style>
<style:style style:name="Strong_20_Emphasis" style:display-name="Strong Emphasis" style:family="text">
<style:text-properties fo:font-weight="bold" style:font-weight-complex="bold" style:font-weight-asian="bold"/>
</style:style>
<style:style style:name="Example" style:family="text">
<style:text-properties style:font-name-asian="DejaVu Sans Mono" style:font-name-complex="DejaVu Sans Mono" style:font-name="DejaVu Sans Mono"/>
</style:style>
<style:style style:name="Emphasis" style:family="text">
<style:text-properties style:font-style-asian="italic" style:font-style-complex="italic" fo:font-style="italic"/>
</style:style>
<style:style style:name="Definition" style:family="text"/>
<style:style style:name="Placeholder" style:family="text">
<style:text-properties fo:font-variant="small-caps" style:text-underline-color="font-color" fo:color="#008080" style:text-underline-style="dotted" style:text-underline-width="auto"/>
</style:style>
<style:style style:name="Rubies" style:family="text">
<style:text-properties fo:font-size="6pt" style:font-size-asian="6pt" style:text-emphasize="none" style:font-size-complex="6pt" style:text-underline-style="none"/>
</style:style>
<style:style style:name="Bullet_20_Symbols" style:display-name="Bullet Symbols" style:family="text">
<style:text-properties fo:font-size="9pt" style:font-name-asian="StarSymbol" style:font-name-complex="StarSymbol" style:font-size-asian="9pt" style:font-size-complex="9pt" style:font-name="StarSymbol"/>
</style:style>
<style:style style:name="Page_20_Number" style:display-name="Page Number" style:family="text"/>
<style:style style:name="Graphics" style:family="graphic">
<style:graphic-properties text:anchor-type="paragraph" style:number-wrapped-paragraphs="no-limit" svg:x="0cm" style:horizontal-pos="center" style:wrap="dynamic" svg:y="0cm" style:vertical-rel="paragraph" style:wrap-contour="false" style:horizontal-rel="paragraph" style:vertical-pos="top"/>
</style:style>
<style:style style:name="OLE" style:family="graphic">
<style:graphic-properties text:anchor-type="paragraph" style:number-wrapped-paragraphs="no-limit" svg:x="0cm" style:horizontal-pos="center" style:wrap="dynamic" svg:y="0cm" style:vertical-rel="paragraph" style:wrap-contour="false" style:horizontal-rel="paragraph" style:vertical-pos="top"/>
</style:style>
<text:outline-style>
<text:outline-level-style style:num-format="" text:level="1">
<style:list-level-properties text:min-label-distance="0.381cm"/>
</text:outline-level-style>
<text:outline-level-style style:num-format="" text:level="2">
<style:list-level-properties text:min-label-distance="0.381cm"/>
</text:outline-level-style>
<text:outline-level-style style:num-format="" text:level="3">
<style:list-level-properties text:min-label-distance="0.381cm"/>
</text:outline-level-style>
<text:outline-level-style style:num-format="" text:level="4">
<style:list-level-properties text:min-label-distance="0.381cm"/>
</text:outline-level-style>
<text:outline-level-style style:num-format="" text:level="5">
<style:list-level-properties text:min-label-distance="0.381cm"/>
</text:outline-level-style>
<text:outline-level-style style:num-format="" text:level="6">
<style:list-level-properties text:min-label-distance="0.381cm"/>
</text:outline-level-style>
<text:outline-level-style style:num-format="" text:level="7">
<style:list-level-properties text:min-label-distance="0.381cm"/>
</text:outline-level-style>
<text:outline-level-style style:num-format="" text:level="8">
<style:list-level-properties text:min-label-distance="0.381cm"/>
</text:outline-level-style>
<text:outline-level-style style:num-format="" text:level="9">
<style:list-level-properties text:min-label-distance="0.381cm"/>
</text:outline-level-style>
<text:outline-level-style style:num-format="" text:level="10">
<style:list-level-properties text:min-label-distance="0.381cm"/>
</text:outline-level-style>
</text:outline-style>
<text:notes-configuration style:num-format="1" text:footnotes-position="page" text:start-value="0" text:note-class="footnote" text:start-numbering-at="document"/>
<text:notes-configuration style:num-format="i" text:start-value="0" text:note-class="endnote"/>
<text:linenumbering-configuration style:num-format="1" text:number-position="left" text:increment="5" text:number-lines="false" text:offset="0.499cm"/>
</office:styles>
<office:automatic-styles>
<style:style style:name="P1" style:parent-style-name="Header" style:family="paragraph">
<style:paragraph-properties style:justify-single-word="false" fo:text-align="end"/>
<style:text-properties fo:color="#c5000b"/>
</style:style>
<style:style style:name="P2" style:parent-style-name="Header" style:family="paragraph">
<style:paragraph-properties style:justify-single-word="false" fo:text-align="end"/>
</style:style>
<style:style style:name="P3" style:parent-style-name="Header" style:family="paragraph">
<style:paragraph-properties style:justify-single-word="false" fo:text-align="end"/>
<style:text-properties fo:font-size="10.5pt" style:font-size-asian="10.5pt" fo:color="#c5000b" style:font-size-complex="10.5pt"/>
</style:style>
<style:style style:name="P4" style:parent-style-name="Header" style:family="paragraph">
<style:paragraph-properties style:justify-single-word="false" fo:text-align="end"/>
<style:text-properties fo:font-size="10.5pt" style:font-size-asian="10.5pt" style:font-size-complex="10.5pt"/>
</style:style>
<style:style style:name="P5" style:parent-style-name="Footer" style:family="paragraph">
<style:paragraph-properties style:justify-single-word="false" fo:text-align="center"/>
</style:style>
<style:style style:name="T1" style:family="text"/>
<style:style style:name="fr1" style:parent-style-name="Graphics" style:family="graphic">
<style:graphic-properties draw:contrast="0%" style:horizontal-pos="from-left" draw:image-opacity="100%" draw:blue="0%" draw:color-mode="standard" style:vertical-rel="paragraph" draw:green="0%" fo:clip="rect(0cm 0cm 0cm 0cm)" draw:red="0%" draw:luminance="0%" draw:gamma="100%" style:horizontal-rel="paragraph" style:mirror="none" draw:color-inversion="false" style:vertical-pos="from-top"/>
</style:style>
<style:style style:name="fr2" style:parent-style-name="Graphics" style:family="graphic">
<style:graphic-properties style:number-wrapped-paragraphs="no-limit" draw:contrast="0%" style:horizontal-pos="from-left" style:wrap="run-through" draw:image-opacity="100%" draw:blue="0%" draw:color-mode="standard" style:vertical-rel="paragraph" draw:green="0%" fo:clip="rect(0cm 0cm 0cm 0cm)" draw:red="0%" draw:luminance="0%" draw:gamma="100%" style:run-through="background" style:horizontal-rel="paragraph" style:mirror="none" draw:color-inversion="false" style:vertical-pos="from-top"/>
</style:style>
<style:page-layout style:name="pm1">
<style:page-layout-properties style:num-format="1" fo:margin-bottom="2cm" style:writing-mode="lr-tb" fo:margin-top="2cm" fo:page-height="27.94cm" style:print-orientation="portrait" fo:margin-left="2cm" fo:margin-right="2cm" style:footnote-max-height="0cm" fo:page-width="21.59cm">
<style:footnote-sep style:distance-before-sep="0.101cm" style:color="#000000" style:adjustment="left" style:rel-width="25%" style:width="0.018cm" style:distance-after-sep="0.101cm"/>
</style:page-layout-properties>
<style:header-style>
<style:header-footer-properties fo:margin-bottom="0.499cm" fo:min-height="0cm" fo:margin-left="0cm" fo:margin-right="0cm"/>
</style:header-style>
<style:footer-style/>
</style:page-layout>
<style:page-layout style:name="pm2">
<style:page-layout-properties style:num-format="1" fo:margin-bottom="0.508cm" style:shadow="none" style:writing-mode="lr-tb" fo:margin-top="0.508cm" fo:background-color="transparent" fo:page-height="29.693cm" style:print-orientation="portrait" fo:margin-left="2.032cm" fo:margin-right="2.032cm" style:footnote-max-height="0cm" fo:page-width="21.006cm">
<style:background-image/>
<style:columns fo:column-gap="0cm" fo:column-count="1"/>
<style:footnote-sep style:distance-before-sep="0.101cm" style:color="#000000" style:adjustment="left" style:rel-width="25%" style:width="0.018cm" style:distance-after-sep="0.101cm"/>
</style:page-layout-properties>
<style:header-style>
<style:header-footer-properties fo:margin-bottom="0.508cm" fo:min-height="0.61cm" fo:margin-left="0cm" fo:margin-right="0cm" style:dynamic-spacing="false"/>
</style:header-style>
<style:footer-style>
<style:header-footer-properties fo:margin-top="0.508cm" fo:min-height="1.016cm" fo:margin-left="0cm" fo:margin-right="0.762cm" style:dynamic-spacing="false"/>
</style:footer-style>
</style:page-layout>
<style:page-layout style:name="pm3">
<style:page-layout-properties style:num-format="1" fo:margin-bottom="2cm" style:writing-mode="lr-tb" fo:margin-top="2cm" fo:page-height="27.94cm" style:print-orientation="portrait" fo:margin-left="2cm" fo:margin-right="2cm" style:footnote-max-height="0cm" fo:page-width="21.59cm">
<style:footnote-sep style:distance-before-sep="0.101cm" style:color="#000000" style:adjustment="left" style:rel-width="25%" style:width="0.018cm" style:distance-after-sep="0.101cm"/>
</style:page-layout-properties>
<style:header-style/>
<style:footer-style/>
</style:page-layout>
</office:automatic-styles>
<office:master-styles>
<style:master-page style:name="Standard" style:page-layout-name="pm1">
<style:header>
<text:p text:style-name="P1">
<draw:frame text:anchor-type="paragraph" draw:name="graphics1" svg:x="0.037cm" svg:y="0.011cm" svg:height="0.847cm" draw:z-index="0" draw:style-name="fr1" svg:width="0.847cm">
<draw:image xlink:href="Pictures/1000020100000020000000209CD9549D.png" xlink:type="simple" xlink:show="embed" xlink:actuate="onLoad"/>
</draw:frame>
options.company.ragionesociale
</text:p>
<text:p text:style-name="P2">
options.company.indirizzo
</text:p>
<text:p text:style-name="Header"/>
<text:p text:style-name="Header"/>
</style:header>
</style:master-page>
<style:master-page style:name="Fattura" style:page-layout-name="pm2">
<style:header>
<text:p text:style-name="P3">
<draw:frame text:anchor-type="paragraph" draw:name="graphics2" svg:x="0.046cm" svg:y="0.159cm" svg:height="1.799cm" draw:z-index="1" draw:style-name="fr1" svg:width="7.204cm">
<draw:image xlink:href="Pictures/10000000000001080000003E4C04DCBB.jpg" xlink:type="simple" xlink:show="embed" xlink:actuate="onLoad"/>
</draw:frame>
<text:span text:style-name="Strong Emphasis">Cube S.r.l.</text:span>
</text:p>
<text:p text:style-name="P4">
Via del Fosso S.Andrea 201
</text:p>
<text:p text:style-name="P4">
+39.06.79897096
</text:p>
<text:p text:style-name="P4">
+39.06.79811982
</text:p>
<text:p text:style-name="P4">
08564941006
</text:p>
<text:p text:style-name="P4">
<draw:frame text:anchor-type="paragraph" draw:name="graphics4" svg:x="16.521cm" svg:y="17.332cm" svg:height="9.172cm" draw:z-index="3" draw:style-name="fr2" svg:width="1.129cm">
<draw:image xlink:href="Pictures/10000000000000200000010404F9A28D.jpg" xlink:type="simple" xlink:show="embed" xlink:actuate="onLoad"/>
</draw:frame>
www.cubestudio.it
</text:p>
</style:header>
<style:footer>
<text:p text:style-name="P5">
<text:span text:style-name="Page_20_Number"/>
</text:p>
<text:p text:style-name="P5">
<text:span text:style-name="Page_20_Number">
Pagina 
<text:s/>
</text:span>
<text:span text:style-name="Page_20_Number">
<text:page-number text:select-page="current">
2
</text:page-number>
</text:span>
<text:span text:style-name="Page_20_Number">
 di 
</text:span>
<text:span text:style-name="Page_20_Number">
<text:page-count>
2
</text:page-count>
</text:span>
</text:p>
<text:p text:style-name="Footer"/>
</style:footer>
</style:master-page>
<style:master-page style:name="First_20_Page" style:next-style-name="Standard" style:display-name="First Page" style:page-layout-name="pm3"/>
</office:master-styles>
</office:document-styles>